dataset,frame,perturb,obj,dist_m,dist_bin,n_obj_pts,in_box_pct,fov_pct
nuscenes_mini_subset,scene-0103_001,none,Pedestrian,12.1,near<15m,21,95.23809523809523,8.784017527675276
nuscenes_mini_subset,scene-0103_001,yaw_0.5deg,Pedestrian,12.1,near<15m,21,100.0,8.75230627306273
nuscenes_mini_subset,scene-0103_001,yaw_1.0deg,Pedestrian,12.1,near<15m,21,100.0,8.714829335793358
nuscenes_mini_subset,scene-0103_001,yaw_2.0deg,Pedestrian,12.1,near<15m,21,66.66666666666666,8.662938191881919
nuscenes_mini_subset,scene-0103_001,yaw_3.0deg,Pedestrian,12.1,near<15m,21,4.761904761904762,8.631226937269371
nuscenes_mini_subset,scene-0103_001,pitch_0.5deg,Pedestrian,12.1,near<15m,21,80.95238095238095,8.798431734317342
nuscenes_mini_subset,scene-0103_001,pitch_1.0deg,Pedestrian,12.1,near<15m,21,66.66666666666666,8.801314575645756
nuscenes_mini_subset,scene-0103_001,pitch_2.0deg,Pedestrian,12.1,near<15m,21,66.66666666666666,8.807080258302582
nuscenes_mini_subset,scene-0103_001,pitch_3.0deg,Pedestrian,12.1,near<15m,21,66.66666666666666,8.804197416974171
nuscenes_mini_subset,scene-0103_001,ty_2cm,Pedestrian,12.1,near<15m,21,95.23809523809523,8.815728782287822
nuscenes_mini_subset,scene-0103_001,ty_5cm,Pedestrian,12.1,near<15m,21,100.0,8.853205719557195
nuscenes_mini_subset,scene-0103_001,ty_10cm,Pedestrian,12.1,near<15m,21,100.0,8.907979704797048
nuscenes_mini_subset,scene-0103_004,none,Car,13.9,near<15m,53,100.0,8.802897884084636
nuscenes_mini_subset,scene-0103_004,yaw_0.5deg,Car,13.9,near<15m,53,100.0,8.77414903403864
nuscenes_mini_subset,scene-0103_004,yaw_1.0deg,Car,13.9,near<15m,53,100.0,8.785648574057038
nuscenes_mini_subset,scene-0103_004,yaw_2.0deg,Car,13.9,near<15m,53,96.22641509433963,8.811522539098435
nuscenes_mini_subset,scene-0103_004,yaw_3.0deg,Car,13.9,near<15m,53,88.67924528301887,8.834521619135234
nuscenes_mini_subset,scene-0103_004,pitch_0.5deg,Car,13.9,near<15m,53,100.0,8.814397424103037
nuscenes_mini_subset,scene-0103_004,pitch_1.0deg,Car,13.9,near<15m,53,100.0,8.811522539098435
nuscenes_mini_subset,scene-0103_004,pitch_2.0deg,Car,13.9,near<15m,53,100.0,8.800022999080037
nuscenes_mini_subset,scene-0103_004,pitch_3.0deg,Car,13.9,near<15m,53,100.0,8.823022079116836
nuscenes_mini_subset,scene-0103_004,ty_2cm,Car,13.9,near<15m,53,100.0,8.823022079116836
nuscenes_mini_subset,scene-0103_004,ty_5cm,Car,13.9,near<15m,53,100.0,8.854645814167434
nuscenes_mini_subset,scene-0103_004,ty_10cm,Car,13.9,near<15m,53,100.0,8.935142594296227
nuscenes_mini_subset,scene-0103_005,none,Car,5.0,near<15m,511,15.459882583170254,8.879608294930875
nuscenes_mini_subset,scene-0103_005,yaw_0.5deg,Car,5.0,near<15m,511,14.87279843444227,8.896889400921658
nuscenes_mini_subset,scene-0103_005,yaw_1.0deg,Car,5.0,near<15m,511,13.894324853228962,8.891129032258064
nuscenes_mini_subset,scene-0103_005,yaw_2.0deg,Car,5.0,near<15m,511,12.32876712328767,8.954493087557603
nuscenes_mini_subset,scene-0103_005,yaw_3.0deg,Car,5.0,near<15m,511,10.567514677103718,8.991935483870968
nuscenes_mini_subset,scene-0103_005,pitch_0.5deg,Car,5.0,near<15m,511,15.459882583170254,8.894009216589861
nuscenes_mini_subset,scene-0103_005,pitch_1.0deg,Car,5.0,near<15m,511,15.459882583170254,8.902649769585254
nuscenes_mini_subset,scene-0103_005,pitch_2.0deg,Car,5.0,near<15m,511,15.264187866927593,8.902649769585254
nuscenes_mini_subset,scene-0103_005,pitch_3.0deg,Car,5.0,near<15m,511,15.068493150684931,8.908410138248849
nuscenes_mini_subset,scene-0103_005,ty_2cm,Car,5.0,near<15m,511,15.459882583170254,8.90552995391705
nuscenes_mini_subset,scene-0103_005,ty_5cm,Car,5.0,near<15m,511,15.655577299412915,8.945852534562212
nuscenes_mini_subset,scene-0103_005,ty_10cm,Car,5.0,near<15m,511,16.046966731898237,9.017857142857142
nuscenes_mini_subset,scene-0103_007,none,Car,12.7,near<15m,101,100.0,9.060770295202952
nuscenes_mini_subset,scene-0103_007,yaw_0.5deg,Car,12.7,near<15m,101,100.0,9.055004612546126
nuscenes_mini_subset,scene-0103_007,yaw_1.0deg,Car,12.7,near<15m,101,99.00990099009901,9.052121771217712
nuscenes_mini_subset,scene-0103_007,yaw_2.0deg,Car,12.7,near<15m,101,95.04950495049505,9.049238929889299
nuscenes_mini_subset,scene-0103_007,yaw_3.0deg,Car,12.7,near<15m,101,90.0990099009901,9.049238929889299
nuscenes_mini_subset,scene-0103_007,pitch_0.5deg,Car,12.7,near<15m,101,100.0,9.083833025830259
nuscenes_mini_subset,scene-0103_007,pitch_1.0deg,Car,12.7,near<15m,101,100.0,9.078067343173432
nuscenes_mini_subset,scene-0103_007,pitch_2.0deg,Car,12.7,near<15m,101,100.0,9.057887453874539
nuscenes_mini_subset,scene-0103_007,pitch_3.0deg,Car,12.7,near<15m,101,96.03960396039604,9.069418819188192
nuscenes_mini_subset,scene-0103_007,ty_2cm,Car,12.7,near<15m,101,100.0,9.092481549815497
nuscenes_mini_subset,scene-0103_007,ty_5cm,Car,12.7,near<15m,101,100.0,9.132841328413283
nuscenes_mini_subset,scene-0103_007,ty_10cm,Car,12.7,near<15m,101,100.0,9.21644372693727
nuscenes_mini_subset,scene-0103_008,none,Car,3.1,near<15m,1339,4.5556385362210605,8.548387096774194
nuscenes_mini_subset,scene-0103_008,none,Car,16.2,mid15-30m,48,100.0,8.548387096774194
nuscenes_mini_subset,scene-0103_008,yaw_0.5deg,Car,3.1,near<15m,1339,3.8834951456310676,8.554147465437788
nuscenes_mini_subset,scene-0103_008,yaw_0.5deg,Car,16.2,mid15-30m,48,100.0,8.554147465437788
nuscenes_mini_subset,scene-0103_008,yaw_1.0deg,Car,3.1,near<15m,1339,3.136669156086632,8.559907834101383
nuscenes_mini_subset,scene-0103_008,yaw_1.0deg,Car,16.2,mid15-30m,48,100.0,8.559907834101383
nuscenes_mini_subset,scene-0103_008,yaw_2.0deg,Car,3.1,near<15m,1339,1.9417475728155338,8.577188940092165
nuscenes_mini_subset,scene-0103_008,yaw_2.0deg,Car,16.2,mid15-30m,48,89.58333333333334,8.577188940092165
nuscenes_mini_subset,scene-0103_008,yaw_3.0deg,Car,3.1,near<15m,1339,0.6721433905899925,8.585829493087557
nuscenes_mini_subset,scene-0103_008,yaw_3.0deg,Car,16.2,mid15-30m,48,79.16666666666666,8.585829493087557
nuscenes_mini_subset,scene-0103_008,pitch_0.5deg,Car,3.1,near<15m,1339,4.779686333084392,8.565668202764977
nuscenes_mini_subset,scene-0103_008,pitch_0.5deg,Car,16.2,mid15-30m,48,100.0,8.565668202764977
nuscenes_mini_subset,scene-0103_008,pitch_1.0deg,Car,3.1,near<15m,1339,4.480955937266617,8.559907834101383
nuscenes_mini_subset,scene-0103_008,pitch_1.0deg,Car,16.2,mid15-30m,48,100.0,8.559907834101383
nuscenes_mini_subset,scene-0103_008,pitch_2.0deg,Car,3.1,near<15m,1339,4.33159073935773,8.568548387096774
nuscenes_mini_subset,scene-0103_008,pitch_2.0deg,Car,16.2,mid15-30m,48,100.0,8.568548387096774
nuscenes_mini_subset,scene-0103_008,pitch_3.0deg,Car,3.1,near<15m,1339,4.256908140403286,8.577188940092165
nuscenes_mini_subset,scene-0103_008,pitch_3.0deg,Car,16.2,mid15-30m,48,100.0,8.577188940092165
nuscenes_mini_subset,scene-0103_008,ty_2cm,Car,3.1,near<15m,1339,4.7050037341299475,8.577188940092165
nuscenes_mini_subset,scene-0103_008,ty_2cm,Car,16.2,mid15-30m,48,100.0,8.577188940092165
nuscenes_mini_subset,scene-0103_008,ty_5cm,Car,3.1,near<15m,1339,4.779686333084392,8.617511520737327
nuscenes_mini_subset,scene-0103_008,ty_5cm,Car,16.2,mid15-30m,48,100.0,8.617511520737327
nuscenes_mini_subset,scene-0103_008,ty_10cm,Car,3.1,near<15m,1339,5.4518297236743845,8.69815668202765
nuscenes_mini_subset,scene-0103_008,ty_10cm,Car,16.2,mid15-30m,48,100.0,8.69815668202765
nuscenes_mini_subset,scene-0103_009,none,Car,11.7,near<15m,102,56.86274509803921,8.767281105990783
nuscenes_mini_subset,scene-0103_009,yaw_0.5deg,Car,11.7,near<15m,102,51.9607843137255,8.755760368663594
nuscenes_mini_subset,scene-0103_009,yaw_1.0deg,Car,11.7,near<15m,102,48.03921568627451,8.770161290322582
nuscenes_mini_subset,scene-0103_009,yaw_2.0deg,Car,11.7,near<15m,102,39.21568627450981,8.735599078341014
nuscenes_mini_subset,scene-0103_009,yaw_3.0deg,Car,11.7,near<15m,102,29.411764705882355,8.738479262672811
nuscenes_mini_subset,scene-0103_009,pitch_0.5deg,Car,11.7,near<15m,102,56.86274509803921,8.781682027649769
nuscenes_mini_subset,scene-0103_009,pitch_1.0deg,Car,11.7,near<15m,102,56.86274509803921,8.781682027649769
nuscenes_mini_subset,scene-0103_009,pitch_2.0deg,Car,11.7,near<15m,102,56.86274509803921,8.775921658986176
nuscenes_mini_subset,scene-0103_009,pitch_3.0deg,Car,11.7,near<15m,102,56.86274509803921,8.781682027649769
nuscenes_mini_subset,scene-0103_009,ty_2cm,Car,11.7,near<15m,102,57.84313725490197,8.793202764976957
nuscenes_mini_subset,scene-0103_009,ty_5cm,Car,11.7,near<15m,102,58.82352941176471,8.839285714285715
nuscenes_mini_subset,scene-0103_009,ty_10cm,Car,11.7,near<15m,102,59.80392156862745,8.908410138248849
nuscenes_mini_subset,scene-0103_010,none,Car,23.9,mid15-30m,38,100.0,8.986175115207374
nuscenes_mini_subset,scene-0103_010,none,Car,22.2,mid15-30m,24,62.5,8.986175115207374
nuscenes_mini_subset,scene-0103_010,none,Car,7.4,near<15m,255,0.0,8.986175115207374
nuscenes_mini_subset,scene-0103_010,none,Car,22.6,mid15-30m,25,100.0,8.986175115207374
nuscenes_mini_subset,scene-0103_010,yaw_0.5deg,Car,23.9,mid15-30m,38,100.0,9.003456221198157
nuscenes_mini_subset,scene-0103_010,yaw_0.5deg,Car,22.2,mid15-30m,24,58.333333333333336,9.003456221198157
nuscenes_mini_subset,scene-0103_010,yaw_0.5deg,Car,7.4,near<15m,255,0.0,9.003456221198157
nuscenes_mini_subset,scene-0103_010,yaw_0.5deg,Car,22.6,mid15-30m,25,100.0,9.003456221198157
nuscenes_mini_subset,scene-0103_010,yaw_1.0deg,Car,23.9,mid15-30m,38,100.0,9.00057603686636
nuscenes_mini_subset,scene-0103_010,yaw_1.0deg,Car,22.2,mid15-30m,24,50.0,9.00057603686636
nuscenes_mini_subset,scene-0103_010,yaw_1.0deg,Car,7.4,near<15m,255,0.0,9.00057603686636
nuscenes_mini_subset,scene-0103_010,yaw_1.0deg,Car,22.6,mid15-30m,25,96.0,9.00057603686636
nuscenes_mini_subset,scene-0103_010,yaw_2.0deg,Car,23.9,mid15-30m,38,97.36842105263158,9.003456221198157
nuscenes_mini_subset,scene-0103_010,yaw_2.0deg,Car,22.2,mid15-30m,24,29.166666666666668,9.003456221198157
nuscenes_mini_subset,scene-0103_010,yaw_2.0deg,Car,7.4,near<15m,255,0.0,9.003456221198157
nuscenes_mini_subset,scene-0103_010,yaw_2.0deg,Car,22.6,mid15-30m,25,88.0,9.003456221198157
nuscenes_mini_subset,scene-0103_010,yaw_3.0deg,Car,23.9,mid15-30m,38,89.47368421052632,9.023617511520737
nuscenes_mini_subset,scene-0103_010,yaw_3.0deg,Car,22.2,mid15-30m,24,16.666666666666664,9.023617511520737
nuscenes_mini_subset,scene-0103_010,yaw_3.0deg,Car,7.4,near<15m,255,0.0,9.023617511520737
nuscenes_mini_subset,scene-0103_010,yaw_3.0deg,Car,22.6,mid15-30m,25,76.0,9.023617511520737
nuscenes_mini_subset,scene-0103_010,pitch_0.5deg,Car,23.9,mid15-30m,38,100.0,9.009216589861751
nuscenes_mini_subset,scene-0103_010,pitch_0.5deg,Car,22.2,mid15-30m,24,62.5,9.009216589861751
nuscenes_mini_subset,scene-0103_010,pitch_0.5deg,Car,7.4,near<15m,255,0.0,9.009216589861751
nuscenes_mini_subset,scene-0103_010,pitch_0.5deg,Car,22.6,mid15-30m,25,100.0,9.009216589861751
nuscenes_mini_subset,scene-0103_010,pitch_1.0deg,Car,23.9,mid15-30m,38,100.0,9.017857142857142
nuscenes_mini_subset,scene-0103_010,pitch_1.0deg,Car,22.2,mid15-30m,24,62.5,9.017857142857142
nuscenes_mini_subset,scene-0103_010,pitch_1.0deg,Car,7.4,near<15m,255,0.0,9.017857142857142
nuscenes_mini_subset,scene-0103_010,pitch_1.0deg,Car,22.6,mid15-30m,25,100.0,9.017857142857142
nuscenes_mini_subset,scene-0103_010,pitch_2.0deg,Car,23.9,mid15-30m,38,100.0,9.00057603686636
nuscenes_mini_subset,scene-0103_010,pitch_2.0deg,Car,22.2,mid15-30m,24,62.5,9.00057603686636
nuscenes_mini_subset,scene-0103_010,pitch_2.0deg,Car,7.4,near<15m,255,0.0,9.00057603686636
nuscenes_mini_subset,scene-0103_010,pitch_2.0deg,Car,22.6,mid15-30m,25,100.0,9.00057603686636
nuscenes_mini_subset,scene-0103_010,pitch_3.0deg,Car,23.9,mid15-30m,38,100.0,8.997695852534562
nuscenes_mini_subset,scene-0103_010,pitch_3.0deg,Car,22.2,mid15-30m,24,54.166666666666664,8.997695852534562
nuscenes_mini_subset,scene-0103_010,pitch_3.0deg,Car,7.4,near<15m,255,0.0,8.997695852534562
nuscenes_mini_subset,scene-0103_010,pitch_3.0deg,Car,22.6,mid15-30m,25,100.0,8.997695852534562
nuscenes_mini_subset,scene-0103_010,ty_2cm,Car,23.9,mid15-30m,38,100.0,9.014976958525347
nuscenes_mini_subset,scene-0103_010,ty_2cm,Car,22.2,mid15-30m,24,62.5,9.014976958525347
nuscenes_mini_subset,scene-0103_010,ty_2cm,Car,7.4,near<15m,255,0.0,9.014976958525347
nuscenes_mini_subset,scene-0103_010,ty_2cm,Car,22.6,mid15-30m,25,100.0,9.014976958525347
nuscenes_mini_subset,scene-0103_010,ty_5cm,Car,23.9,mid15-30m,38,100.0,9.055299539170507
nuscenes_mini_subset,scene-0103_010,ty_5cm,Car,22.2,mid15-30m,24,62.5,9.055299539170507
nuscenes_mini_subset,scene-0103_010,ty_5cm,Car,7.4,near<15m,255,0.0,9.055299539170507
nuscenes_mini_subset,scene-0103_010,ty_5cm,Car,22.6,mid15-30m,25,100.0,9.055299539170507
nuscenes_mini_subset,scene-0103_010,ty_10cm,Car,23.9,mid15-30m,38,100.0,9.127304147465438
nuscenes_mini_subset,scene-0103_010,ty_10cm,Car,22.2,mid15-30m,24,66.66666666666666,9.127304147465438
nuscenes_mini_subset,scene-0103_010,ty_10cm,Car,7.4,near<15m,255,0.0,9.127304147465438
nuscenes_mini_subset,scene-0103_010,ty_10cm,Car,22.6,mid15-30m,25,100.0,9.127304147465438
nuscenes_mini_subset,scene-0103_011,none,Car,20.1,mid15-30m,45,100.0,8.928159594095941
nuscenes_mini_subset,scene-0103_011,none,Car,18.3,mid15-30m,40,2.5,8.928159594095941
nuscenes_mini_subset,scene-0103_011,none,Car,18.7,mid15-30m,34,100.0,8.928159594095941
nuscenes_mini_subset,scene-0103_011,yaw_0.5deg,Car,20.1,mid15-30m,45,100.0,8.931042435424354
nuscenes_mini_subset,scene-0103_011,yaw_0.5deg,Car,18.3,mid15-30m,40,2.5,8.931042435424354
nuscenes_mini_subset,scene-0103_011,yaw_0.5deg,Car,18.7,mid15-30m,34,100.0,8.931042435424354
nuscenes_mini_subset,scene-0103_011,yaw_1.0deg,Car,20.1,mid15-30m,45,100.0,8.933925276752767
nuscenes_mini_subset,scene-0103_011,yaw_1.0deg,Car,18.3,mid15-30m,40,0.0,8.933925276752767
nuscenes_mini_subset,scene-0103_011,yaw_1.0deg,Car,18.7,mid15-30m,34,100.0,8.933925276752767
nuscenes_mini_subset,scene-0103_011,yaw_2.0deg,Car,20.1,mid15-30m,45,100.0,8.945456642066421
nuscenes_mini_subset,scene-0103_011,yaw_2.0deg,Car,18.3,mid15-30m,40,0.0,8.945456642066421
nuscenes_mini_subset,scene-0103_011,yaw_2.0deg,Car,18.7,mid15-30m,34,88.23529411764706,8.945456642066421
nuscenes_mini_subset,scene-0103_011,yaw_3.0deg,Car,20.1,mid15-30m,45,93.33333333333333,8.945456642066421
nuscenes_mini_subset,scene-0103_011,yaw_3.0deg,Car,18.3,mid15-30m,40,0.0,8.945456642066421
nuscenes_mini_subset,scene-0103_011,yaw_3.0deg,Car,18.7,mid15-30m,34,70.58823529411765,8.945456642066421
nuscenes_mini_subset,scene-0103_011,pitch_0.5deg,Car,20.1,mid15-30m,45,100.0,8.939690959409594
nuscenes_mini_subset,scene-0103_011,pitch_0.5deg,Car,18.3,mid15-30m,40,2.5,8.939690959409594
nuscenes_mini_subset,scene-0103_011,pitch_0.5deg,Car,18.7,mid15-30m,34,100.0,8.939690959409594
nuscenes_mini_subset,scene-0103_011,pitch_1.0deg,Car,20.1,mid15-30m,45,100.0,8.954105166051662
nuscenes_mini_subset,scene-0103_011,pitch_1.0deg,Car,18.3,mid15-30m,40,2.5,8.954105166051662
nuscenes_mini_subset,scene-0103_011,pitch_1.0deg,Car,18.7,mid15-30m,34,100.0,8.954105166051662
nuscenes_mini_subset,scene-0103_011,pitch_2.0deg,Car,20.1,mid15-30m,45,100.0,8.928159594095941
nuscenes_mini_subset,scene-0103_011,pitch_2.0deg,Car,18.3,mid15-30m,40,2.5,8.928159594095941
nuscenes_mini_subset,scene-0103_011,pitch_2.0deg,Car,18.7,mid15-30m,34,100.0,8.928159594095941
nuscenes_mini_subset,scene-0103_011,pitch_3.0deg,Car,20.1,mid15-30m,45,100.0,8.942573800738007
nuscenes_mini_subset,scene-0103_011,pitch_3.0deg,Car,18.3,mid15-30m,40,2.5,8.942573800738007
nuscenes_mini_subset,scene-0103_011,pitch_3.0deg,Car,18.7,mid15-30m,34,100.0,8.942573800738007
nuscenes_mini_subset,scene-0103_011,ty_2cm,Car,20.1,mid15-30m,45,100.0,8.945456642066421
nuscenes_mini_subset,scene-0103_011,ty_2cm,Car,18.3,mid15-30m,40,2.5,8.945456642066421
nuscenes_mini_subset,scene-0103_011,ty_2cm,Car,18.7,mid15-30m,34,100.0,8.945456642066421
nuscenes_mini_subset,scene-0103_011,ty_5cm,Car,20.1,mid15-30m,45,100.0,9.000230627306273
nuscenes_mini_subset,scene-0103_011,ty_5cm,Car,18.3,mid15-30m,40,2.5,9.000230627306273
nuscenes_mini_subset,scene-0103_011,ty_5cm,Car,18.7,mid15-30m,34,100.0,9.000230627306273
nuscenes_mini_subset,scene-0103_011,ty_10cm,Car,20.1,mid15-30m,45,100.0,9.080950184501845
nuscenes_mini_subset,scene-0103_011,ty_10cm,Car,18.3,mid15-30m,40,2.5,9.080950184501845
nuscenes_mini_subset,scene-0103_011,ty_10cm,Car,18.7,mid15-30m,34,100.0,9.080950184501845
nuscenes_mini_subset,scene-0103_012,none,Car,16.9,mid15-30m,47,100.0,8.714829335793358
nuscenes_mini_subset,scene-0103_012,none,Car,15.4,mid15-30m,61,100.0,8.714829335793358
nuscenes_mini_subset,scene-0103_012,yaw_0.5deg,Car,16.9,mid15-30m,47,100.0,8.694649446494465
nuscenes_mini_subset,scene-0103_012,yaw_0.5deg,Car,15.4,mid15-30m,61,100.0,8.694649446494465
nuscenes_mini_subset,scene-0103_012,yaw_1.0deg,Car,16.9,mid15-30m,47,100.0,8.706180811808117
nuscenes_mini_subset,scene-0103_012,yaw_1.0deg,Car,15.4,mid15-30m,61,98.36065573770492,8.706180811808117
nuscenes_mini_subset,scene-0103_012,yaw_2.0deg,Car,16.9,mid15-30m,47,100.0,8.69753228782288
nuscenes_mini_subset,scene-0103_012,yaw_2.0deg,Car,15.4,mid15-30m,61,88.52459016393442,8.69753228782288
nuscenes_mini_subset,scene-0103_012,yaw_3.0deg,Car,16.9,mid15-30m,47,95.74468085106383,8.686000922509225
nuscenes_mini_subset,scene-0103_012,yaw_3.0deg,Car,15.4,mid15-30m,61,78.68852459016394,8.686000922509225
nuscenes_mini_subset,scene-0103_012,pitch_0.5deg,Car,16.9,mid15-30m,47,100.0,8.729243542435425
nuscenes_mini_subset,scene-0103_012,pitch_0.5deg,Car,15.4,mid15-30m,61,100.0,8.729243542435425
nuscenes_mini_subset,scene-0103_012,pitch_1.0deg,Car,16.9,mid15-30m,47,100.0,8.729243542435425
nuscenes_mini_subset,scene-0103_012,pitch_1.0deg,Car,15.4,mid15-30m,61,100.0,8.729243542435425
nuscenes_mini_subset,scene-0103_012,pitch_2.0deg,Car,16.9,mid15-30m,47,100.0,8.72636070110701
nuscenes_mini_subset,scene-0103_012,pitch_2.0deg,Car,15.4,mid15-30m,61,100.0,8.72636070110701
nuscenes_mini_subset,scene-0103_012,pitch_3.0deg,Car,16.9,mid15-30m,47,89.36170212765957,8.720595018450185
nuscenes_mini_subset,scene-0103_012,pitch_3.0deg,Car,15.4,mid15-30m,61,100.0,8.720595018450185
nuscenes_mini_subset,scene-0103_012,ty_2cm,Car,16.9,mid15-30m,47,100.0,8.746540590405905
nuscenes_mini_subset,scene-0103_012,ty_2cm,Car,15.4,mid15-30m,61,100.0,8.746540590405905
nuscenes_mini_subset,scene-0103_012,ty_5cm,Car,16.9,mid15-30m,47,100.0,8.77825184501845
nuscenes_mini_subset,scene-0103_012,ty_5cm,Car,15.4,mid15-30m,61,100.0,8.77825184501845
nuscenes_mini_subset,scene-0103_012,ty_10cm,Car,16.9,mid15-30m,47,100.0,8.844557195571955
nuscenes_mini_subset,scene-0103_012,ty_10cm,Car,15.4,mid15-30m,61,100.0,8.844557195571955
nuscenes_mini_subset,scene-0103_013,none,Car,14.9,near<15m,71,100.0,8.71771217712177
nuscenes_mini_subset,scene-0103_013,none,Car,13.3,near<15m,89,100.0,8.71771217712177
nuscenes_mini_subset,scene-0103_013,yaw_0.5deg,Car,14.9,near<15m,71,100.0,8.700415129151292
nuscenes_mini_subset,scene-0103_013,yaw_0.5deg,Car,13.3,near<15m,89,100.0,8.700415129151292
nuscenes_mini_subset,scene-0103_013,yaw_1.0deg,Car,14.9,near<15m,71,100.0,8.688883763837639
nuscenes_mini_subset,scene-0103_013,yaw_1.0deg,Car,13.3,near<15m,89,100.0,8.688883763837639
nuscenes_mini_subset,scene-0103_013,yaw_2.0deg,Car,14.9,near<15m,71,98.59154929577466,8.688883763837639
nuscenes_mini_subset,scene-0103_013,yaw_2.0deg,Car,13.3,near<15m,89,95.50561797752809,8.688883763837639
nuscenes_mini_subset,scene-0103_013,yaw_3.0deg,Car,14.9,near<15m,71,95.77464788732394,8.674469557195572
nuscenes_mini_subset,scene-0103_013,yaw_3.0deg,Car,13.3,near<15m,89,88.76404494382022,8.674469557195572
nuscenes_mini_subset,scene-0103_013,pitch_0.5deg,Car,14.9,near<15m,71,100.0,8.72636070110701
nuscenes_mini_subset,scene-0103_013,pitch_0.5deg,Car,13.3,near<15m,89,100.0,8.72636070110701
nuscenes_mini_subset,scene-0103_013,pitch_1.0deg,Car,14.9,near<15m,71,100.0,8.720595018450185
nuscenes_mini_subset,scene-0103_013,pitch_1.0deg,Car,13.3,near<15m,89,100.0,8.720595018450185
nuscenes_mini_subset,scene-0103_013,pitch_2.0deg,Car,14.9,near<15m,71,100.0,8.71771217712177
nuscenes_mini_subset,scene-0103_013,pitch_2.0deg,Car,13.3,near<15m,89,100.0,8.71771217712177
nuscenes_mini_subset,scene-0103_013,pitch_3.0deg,Car,14.9,near<15m,71,97.1830985915493,8.723477859778598
nuscenes_mini_subset,scene-0103_013,pitch_3.0deg,Car,13.3,near<15m,89,100.0,8.723477859778598
nuscenes_mini_subset,scene-0103_013,ty_2cm,Car,14.9,near<15m,71,100.0,8.746540590405905
nuscenes_mini_subset,scene-0103_013,ty_2cm,Car,13.3,near<15m,89,100.0,8.746540590405905
nuscenes_mini_subset,scene-0103_013,ty_5cm,Car,14.9,near<15m,71,100.0,8.775369003690036
nuscenes_mini_subset,scene-0103_013,ty_5cm,Car,13.3,near<15m,89,100.0,8.775369003690036
nuscenes_mini_subset,scene-0103_013,ty_10cm,Car,14.9,near<15m,71,100.0,8.853205719557195
nuscenes_mini_subset,scene-0103_013,ty_10cm,Car,13.3,near<15m,89,100.0,8.853205719557195
nuscenes_mini_subset,scene-0103_014,none,Car,13.3,near<15m,130,100.0,8.67799539170507
nuscenes_mini_subset,scene-0103_014,none,Car,11.3,near<15m,131,100.0,8.67799539170507
nuscenes_mini_subset,scene-0103_014,none,Car,22.6,mid15-30m,26,100.0,8.67799539170507
nuscenes_mini_subset,scene-0103_014,yaw_0.5deg,Car,13.3,near<15m,130,100.0,8.67511520737327
nuscenes_mini_subset,scene-0103_014,yaw_0.5deg,Car,11.3,near<15m,131,100.0,8.67511520737327
nuscenes_mini_subset,scene-0103_014,yaw_0.5deg,Car,22.6,mid15-30m,26,100.0,8.67511520737327
nuscenes_mini_subset,scene-0103_014,yaw_1.0deg,Car,13.3,near<15m,130,98.46153846153847,8.65783410138249
nuscenes_mini_subset,scene-0103_014,yaw_1.0deg,Car,11.3,near<15m,131,99.23664122137404,8.65783410138249
nuscenes_mini_subset,scene-0103_014,yaw_1.0deg,Car,22.6,mid15-30m,26,92.3076923076923,8.65783410138249
nuscenes_mini_subset,scene-0103_014,yaw_2.0deg,Car,13.3,near<15m,130,95.38461538461539,8.626152073732719
nuscenes_mini_subset,scene-0103_014,yaw_2.0deg,Car,11.3,near<15m,131,95.41984732824427,8.626152073732719
nuscenes_mini_subset,scene-0103_014,yaw_2.0deg,Car,22.6,mid15-30m,26,69.23076923076923,8.626152073732719
nuscenes_mini_subset,scene-0103_014,yaw_3.0deg,Car,13.3,near<15m,130,93.07692307692308,8.63479262672811
nuscenes_mini_subset,scene-0103_014,yaw_3.0deg,Car,11.3,near<15m,131,90.83969465648855,8.63479262672811
nuscenes_mini_subset,scene-0103_014,yaw_3.0deg,Car,22.6,mid15-30m,26,46.15384615384615,8.63479262672811
nuscenes_mini_subset,scene-0103_014,pitch_0.5deg,Car,13.3,near<15m,130,100.0,8.69815668202765
nuscenes_mini_subset,scene-0103_014,pitch_0.5deg,Car,11.3,near<15m,131,100.0,8.69815668202765
nuscenes_mini_subset,scene-0103_014,pitch_0.5deg,Car,22.6,mid15-30m,26,100.0,8.69815668202765
nuscenes_mini_subset,scene-0103_014,pitch_1.0deg,Car,13.3,near<15m,130,100.0,8.701036866359448
nuscenes_mini_subset,scene-0103_014,pitch_1.0deg,Car,11.3,near<15m,131,100.0,8.701036866359448
nuscenes_mini_subset,scene-0103_014,pitch_1.0deg,Car,22.6,mid15-30m,26,100.0,8.701036866359448
nuscenes_mini_subset,scene-0103_014,pitch_2.0deg,Car,13.3,near<15m,130,100.0,8.695276497695852
nuscenes_mini_subset,scene-0103_014,pitch_2.0deg,Car,11.3,near<15m,131,100.0,8.695276497695852
nuscenes_mini_subset,scene-0103_014,pitch_2.0deg,Car,22.6,mid15-30m,26,100.0,8.695276497695852
nuscenes_mini_subset,scene-0103_014,pitch_3.0deg,Car,13.3,near<15m,130,91.53846153846153,8.695276497695852
nuscenes_mini_subset,scene-0103_014,pitch_3.0deg,Car,11.3,near<15m,131,96.18320610687023,8.695276497695852
nuscenes_mini_subset,scene-0103_014,pitch_3.0deg,Car,22.6,mid15-30m,26,100.0,8.695276497695852
nuscenes_mini_subset,scene-0103_014,ty_2cm,Car,13.3,near<15m,130,100.0,8.709677419354838
nuscenes_mini_subset,scene-0103_014,ty_2cm,Car,11.3,near<15m,131,100.0,8.709677419354838
nuscenes_mini_subset,scene-0103_014,ty_2cm,Car,22.6,mid15-30m,26,100.0,8.709677419354838
nuscenes_mini_subset,scene-0103_014,ty_5cm,Car,13.3,near<15m,130,100.0,8.755760368663594
nuscenes_mini_subset,scene-0103_014,ty_5cm,Car,11.3,near<15m,131,100.0,8.755760368663594
nuscenes_mini_subset,scene-0103_014,ty_5cm,Car,22.6,mid15-30m,26,100.0,8.755760368663594
nuscenes_mini_subset,scene-0103_014,ty_10cm,Car,13.3,near<15m,130,100.0,8.830645161290322
nuscenes_mini_subset,scene-0103_014,ty_10cm,Car,11.3,near<15m,131,100.0,8.830645161290322
nuscenes_mini_subset,scene-0103_014,ty_10cm,Car,22.6,mid15-30m,26,100.0,8.830645161290322
nuscenes_mini_subset,scene-0103_015,none,Car,12.2,near<15m,157,100.0,8.46113929889299
nuscenes_mini_subset,scene-0103_015,none,Car,9.8,near<15m,188,86.17021276595744,8.46113929889299
nuscenes_mini_subset,scene-0103_015,none,Car,21.2,mid15-30m,23,100.0,8.46113929889299
nuscenes_mini_subset,scene-0103_015,yaw_0.5deg,Car,12.2,near<15m,157,100.0,8.478436346863468
nuscenes_mini_subset,scene-0103_015,yaw_0.5deg,Car,9.8,near<15m,188,88.29787234042553,8.478436346863468
nuscenes_mini_subset,scene-0103_015,yaw_0.5deg,Car,21.2,mid15-30m,23,100.0,8.478436346863468
nuscenes_mini_subset,scene-0103_015,yaw_1.0deg,Car,12.2,near<15m,157,100.0,8.484202029520295
nuscenes_mini_subset,scene-0103_015,yaw_1.0deg,Car,9.8,near<15m,188,92.5531914893617,8.484202029520295
nuscenes_mini_subset,scene-0103_015,yaw_1.0deg,Car,21.2,mid15-30m,23,100.0,8.484202029520295
nuscenes_mini_subset,scene-0103_015,yaw_2.0deg,Car,12.2,near<15m,157,98.08917197452229,8.484202029520295
nuscenes_mini_subset,scene-0103_015,yaw_2.0deg,Car,9.8,near<15m,188,94.68085106382979,8.484202029520295
nuscenes_mini_subset,scene-0103_015,yaw_2.0deg,Car,21.2,mid15-30m,23,86.95652173913044,8.484202029520295
nuscenes_mini_subset,scene-0103_015,yaw_3.0deg,Car,12.2,near<15m,157,94.90445859872611,8.475553505535055
nuscenes_mini_subset,scene-0103_015,yaw_3.0deg,Car,9.8,near<15m,188,93.61702127659575,8.475553505535055
nuscenes_mini_subset,scene-0103_015,yaw_3.0deg,Car,21.2,mid15-30m,23,73.91304347826086,8.475553505535055
nuscenes_mini_subset,scene-0103_015,pitch_0.5deg,Car,12.2,near<15m,157,100.0,8.475553505535055
nuscenes_mini_subset,scene-0103_015,pitch_0.5deg,Car,9.8,near<15m,188,86.17021276595744,8.475553505535055
nuscenes_mini_subset,scene-0103_015,pitch_0.5deg,Car,21.2,mid15-30m,23,100.0,8.475553505535055
nuscenes_mini_subset,scene-0103_015,pitch_1.0deg,Car,12.2,near<15m,157,100.0,8.487084870848708
nuscenes_mini_subset,scene-0103_015,pitch_1.0deg,Car,9.8,near<15m,188,86.17021276595744,8.487084870848708
nuscenes_mini_subset,scene-0103_015,pitch_1.0deg,Car,21.2,mid15-30m,23,100.0,8.487084870848708
nuscenes_mini_subset,scene-0103_015,pitch_2.0deg,Car,12.2,near<15m,157,100.0,8.46113929889299
nuscenes_mini_subset,scene-0103_015,pitch_2.0deg,Car,9.8,near<15m,188,86.17021276595744,8.46113929889299
nuscenes_mini_subset,scene-0103_015,pitch_2.0deg,Car,21.2,mid15-30m,23,100.0,8.46113929889299
nuscenes_mini_subset,scene-0103_015,pitch_3.0deg,Car,12.2,near<15m,157,96.17834394904459,8.472670664206642
nuscenes_mini_subset,scene-0103_015,pitch_3.0deg,Car,9.8,near<15m,188,86.17021276595744,8.472670664206642
nuscenes_mini_subset,scene-0103_015,pitch_3.0deg,Car,21.2,mid15-30m,23,100.0,8.472670664206642
nuscenes_mini_subset,scene-0103_015,ty_2cm,Car,12.2,near<15m,157,100.0,8.487084870848708
nuscenes_mini_subset,scene-0103_015,ty_2cm,Car,9.8,near<15m,188,86.17021276595744,8.487084870848708
nuscenes_mini_subset,scene-0103_015,ty_2cm,Car,21.2,mid15-30m,23,100.0,8.487084870848708
nuscenes_mini_subset,scene-0103_015,ty_5cm,Car,12.2,near<15m,157,100.0,8.533210332103321
nuscenes_mini_subset,scene-0103_015,ty_5cm,Car,9.8,near<15m,188,86.17021276595744,8.533210332103321
nuscenes_mini_subset,scene-0103_015,ty_5cm,Car,21.2,mid15-30m,23,100.0,8.533210332103321
nuscenes_mini_subset,scene-0103_015,ty_10cm,Car,12.2,near<15m,157,100.0,8.62834409594096
nuscenes_mini_subset,scene-0103_015,ty_10cm,Car,9.8,near<15m,188,88.29787234042553,8.62834409594096
nuscenes_mini_subset,scene-0103_015,ty_10cm,Car,21.2,mid15-30m,23,100.0,8.62834409594096
nuscenes_mini_subset,scene-0103_016,none,Car,12.3,near<15m,146,100.0,8.49942396313364
nuscenes_mini_subset,scene-0103_016,none,Car,8.8,near<15m,243,65.84362139917695,8.49942396313364
nuscenes_mini_subset,scene-0103_016,yaw_0.5deg,Car,12.3,near<15m,146,99.31506849315068,8.473502304147464
nuscenes_mini_subset,scene-0103_016,yaw_0.5deg,Car,8.8,near<15m,243,69.1358024691358,8.473502304147464
nuscenes_mini_subset,scene-0103_016,yaw_1.0deg,Car,12.3,near<15m,146,98.63013698630137,8.46774193548387
nuscenes_mini_subset,scene-0103_016,yaw_1.0deg,Car,8.8,near<15m,243,72.8395061728395,8.46774193548387
nuscenes_mini_subset,scene-0103_016,yaw_2.0deg,Car,12.3,near<15m,146,95.8904109589041,8.461981566820278
nuscenes_mini_subset,scene-0103_016,yaw_2.0deg,Car,8.8,near<15m,243,76.5432098765432,8.461981566820278
nuscenes_mini_subset,scene-0103_016,yaw_3.0deg,Car,12.3,near<15m,146,91.78082191780823,8.453341013824884
nuscenes_mini_subset,scene-0103_016,yaw_3.0deg,Car,8.8,near<15m,243,79.42386831275721,8.453341013824884
nuscenes_mini_subset,scene-0103_016,pitch_0.5deg,Car,12.3,near<15m,146,100.0,8.508064516129032
nuscenes_mini_subset,scene-0103_016,pitch_0.5deg,Car,8.8,near<15m,243,66.66666666666666,8.508064516129032
nuscenes_mini_subset,scene-0103_016,pitch_1.0deg,Car,12.3,near<15m,146,100.0,8.522465437788018
nuscenes_mini_subset,scene-0103_016,pitch_1.0deg,Car,8.8,near<15m,243,66.66666666666666,8.522465437788018
nuscenes_mini_subset,scene-0103_016,pitch_2.0deg,Car,12.3,near<15m,146,100.0,8.513824884792626
nuscenes_mini_subset,scene-0103_016,pitch_2.0deg,Car,8.8,near<15m,243,66.66666666666666,8.513824884792626
nuscenes_mini_subset,scene-0103_016,pitch_3.0deg,Car,12.3,near<15m,146,94.52054794520548,8.519585253456222
nuscenes_mini_subset,scene-0103_016,pitch_3.0deg,Car,8.8,near<15m,243,67.07818930041152,8.519585253456222
nuscenes_mini_subset,scene-0103_016,ty_2cm,Car,12.3,near<15m,146,100.0,8.528225806451612
nuscenes_mini_subset,scene-0103_016,ty_2cm,Car,8.8,near<15m,243,66.66666666666666,8.528225806451612
nuscenes_mini_subset,scene-0103_016,ty_5cm,Car,12.3,near<15m,146,100.0,8.574308755760368
nuscenes_mini_subset,scene-0103_016,ty_5cm,Car,8.8,near<15m,243,67.07818930041152,8.574308755760368
nuscenes_mini_subset,scene-0103_016,ty_10cm,Car,12.3,near<15m,146,100.0,8.63479262672811
nuscenes_mini_subset,scene-0103_016,ty_10cm,Car,8.8,near<15m,243,68.3127572016461,8.63479262672811
nuscenes_mini_subset,scene-0103_017,none,Car,12.7,near<15m,113,100.0,8.46774193548387
nuscenes_mini_subset,scene-0103_017,none,Car,22.2,mid15-30m,27,100.0,8.46774193548387
nuscenes_mini_subset,scene-0103_017,none,Car,8.0,near<15m,279,50.179211469534046,8.46774193548387
nuscenes_mini_subset,scene-0103_017,yaw_0.5deg,Car,12.7,near<15m,113,100.0,8.485023041474655
nuscenes_mini_subset,scene-0103_017,yaw_0.5deg,Car,22.2,mid15-30m,27,100.0,8.485023041474655
nuscenes_mini_subset,scene-0103_017,yaw_0.5deg,Car,8.0,near<15m,279,53.04659498207885,8.485023041474655
nuscenes_mini_subset,scene-0103_017,yaw_1.0deg,Car,12.7,near<15m,113,100.0,8.433179723502304
nuscenes_mini_subset,scene-0103_017,yaw_1.0deg,Car,22.2,mid15-30m,27,96.29629629629629,8.433179723502304
nuscenes_mini_subset,scene-0103_017,yaw_1.0deg,Car,8.0,near<15m,279,55.19713261648745,8.433179723502304
nuscenes_mini_subset,scene-0103_017,yaw_2.0deg,Car,12.7,near<15m,113,97.34513274336283,8.36405529953917
nuscenes_mini_subset,scene-0103_017,yaw_2.0deg,Car,22.2,mid15-30m,27,77.77777777777779,8.36405529953917
nuscenes_mini_subset,scene-0103_017,yaw_2.0deg,Car,8.0,near<15m,279,58.422939068100355,8.36405529953917
nuscenes_mini_subset,scene-0103_017,yaw_3.0deg,Car,12.7,near<15m,113,95.57522123893806,8.358294930875577
nuscenes_mini_subset,scene-0103_017,yaw_3.0deg,Car,22.2,mid15-30m,27,55.55555555555556,8.358294930875577
nuscenes_mini_subset,scene-0103_017,yaw_3.0deg,Car,8.0,near<15m,279,63.08243727598566,8.358294930875577
nuscenes_mini_subset,scene-0103_017,pitch_0.5deg,Car,12.7,near<15m,113,100.0,8.490783410138249
nuscenes_mini_subset,scene-0103_017,pitch_0.5deg,Car,22.2,mid15-30m,27,100.0,8.490783410138249
nuscenes_mini_subset,scene-0103_017,pitch_0.5deg,Car,8.0,near<15m,279,51.25448028673835,8.490783410138249
nuscenes_mini_subset,scene-0103_017,pitch_1.0deg,Car,12.7,near<15m,113,100.0,8.505184331797235
nuscenes_mini_subset,scene-0103_017,pitch_1.0deg,Car,22.2,mid15-30m,27,100.0,8.505184331797235
nuscenes_mini_subset,scene-0103_017,pitch_1.0deg,Car,8.0,near<15m,279,51.25448028673835,8.505184331797235
nuscenes_mini_subset,scene-0103_017,pitch_2.0deg,Car,12.7,near<15m,113,100.0,8.479262672811059
nuscenes_mini_subset,scene-0103_017,pitch_2.0deg,Car,22.2,mid15-30m,27,100.0,8.479262672811059
nuscenes_mini_subset,scene-0103_017,pitch_2.0deg,Car,8.0,near<15m,279,51.25448028673835,8.479262672811059
nuscenes_mini_subset,scene-0103_017,pitch_3.0deg,Car,12.7,near<15m,113,100.0,8.485023041474655
nuscenes_mini_subset,scene-0103_017,pitch_3.0deg,Car,22.2,mid15-30m,27,100.0,8.485023041474655
nuscenes_mini_subset,scene-0103_017,pitch_3.0deg,Car,8.0,near<15m,279,51.61290322580645,8.485023041474655
nuscenes_mini_subset,scene-0103_017,ty_2cm,Car,12.7,near<15m,113,100.0,8.496543778801843
nuscenes_mini_subset,scene-0103_017,ty_2cm,Car,22.2,mid15-30m,27,100.0,8.496543778801843
nuscenes_mini_subset,scene-0103_017,ty_2cm,Car,8.0,near<15m,279,51.25448028673835,8.496543778801843
nuscenes_mini_subset,scene-0103_017,ty_5cm,Car,12.7,near<15m,113,100.0,8.548387096774194
nuscenes_mini_subset,scene-0103_017,ty_5cm,Car,22.2,mid15-30m,27,100.0,8.548387096774194
nuscenes_mini_subset,scene-0103_017,ty_5cm,Car,8.0,near<15m,279,51.25448028673835,8.548387096774194
nuscenes_mini_subset,scene-0103_017,ty_10cm,Car,12.7,near<15m,113,100.0,8.626152073732719
nuscenes_mini_subset,scene-0103_017,ty_10cm,Car,22.2,mid15-30m,27,100.0,8.626152073732719
nuscenes_mini_subset,scene-0103_017,ty_10cm,Car,8.0,near<15m,279,51.971326164874554,8.626152073732719
nuscenes_mini_subset,scene-0103_018,none,Car,13.4,near<15m,102,100.0,8.446412143514259
nuscenes_mini_subset,scene-0103_018,none,Car,21.2,mid15-30m,38,100.0,8.446412143514259
nuscenes_mini_subset,scene-0103_018,none,Car,7.2,near<15m,432,33.101851851851855,8.446412143514259
nuscenes_mini_subset,scene-0103_018,none,Car,17.4,mid15-30m,32,100.0,8.446412143514259
nuscenes_mini_subset,scene-0103_018,yaw_0.5deg,Car,13.4,near<15m,102,100.0,8.409038638454462
nuscenes_mini_subset,scene-0103_018,yaw_0.5deg,Car,21.2,mid15-30m,38,100.0,8.409038638454462
nuscenes_mini_subset,scene-0103_018,yaw_0.5deg,Car,7.2,near<15m,432,35.18518518518518,8.409038638454462
nuscenes_mini_subset,scene-0103_018,yaw_0.5deg,Car,17.4,mid15-30m,32,100.0,8.409038638454462
nuscenes_mini_subset,scene-0103_018,yaw_1.0deg,Car,13.4,near<15m,102,100.0,8.43203771849126
nuscenes_mini_subset,scene-0103_018,yaw_1.0deg,Car,21.2,mid15-30m,38,97.36842105263158,8.43203771849126
nuscenes_mini_subset,scene-0103_018,yaw_1.0deg,Car,7.2,near<15m,432,38.425925925925924,8.43203771849126
nuscenes_mini_subset,scene-0103_018,yaw_1.0deg,Car,17.4,mid15-30m,32,96.875,8.43203771849126
nuscenes_mini_subset,scene-0103_018,yaw_2.0deg,Car,13.4,near<15m,102,96.07843137254902,8.406163753449862
nuscenes_mini_subset,scene-0103_018,yaw_2.0deg,Car,21.2,mid15-30m,38,89.47368421052632,8.406163753449862
nuscenes_mini_subset,scene-0103_018,yaw_2.0deg,Car,7.2,near<15m,432,41.898148148148145,8.406163753449862
nuscenes_mini_subset,scene-0103_018,yaw_2.0deg,Car,17.4,mid15-30m,32,81.25,8.406163753449862
nuscenes_mini_subset,scene-0103_018,yaw_3.0deg,Car,13.4,near<15m,102,90.19607843137256,8.331416743330266
nuscenes_mini_subset,scene-0103_018,yaw_3.0deg,Car,21.2,mid15-30m,38,78.94736842105263,8.331416743330266
nuscenes_mini_subset,scene-0103_018,yaw_3.0deg,Car,7.2,near<15m,432,45.370370370370374,8.331416743330266
nuscenes_mini_subset,scene-0103_018,yaw_3.0deg,Car,17.4,mid15-30m,32,62.5,8.331416743330266
nuscenes_mini_subset,scene-0103_018,pitch_0.5deg,Car,13.4,near<15m,102,100.0,8.44928702851886
nuscenes_mini_subset,scene-0103_018,pitch_0.5deg,Car,21.2,mid15-30m,38,100.0,8.44928702851886
nuscenes_mini_subset,scene-0103_018,pitch_0.5deg,Car,7.2,near<15m,432,33.101851851851855,8.44928702851886
nuscenes_mini_subset,scene-0103_018,pitch_0.5deg,Car,17.4,mid15-30m,32,100.0,8.44928702851886
nuscenes_mini_subset,scene-0103_018,pitch_1.0deg,Car,13.4,near<15m,102,100.0,8.457911683532657
nuscenes_mini_subset,scene-0103_018,pitch_1.0deg,Car,21.2,mid15-30m,38,100.0,8.457911683532657
nuscenes_mini_subset,scene-0103_018,pitch_1.0deg,Car,7.2,near<15m,432,33.101851851851855,8.457911683532657
nuscenes_mini_subset,scene-0103_018,pitch_1.0deg,Car,17.4,mid15-30m,32,100.0,8.457911683532657
nuscenes_mini_subset,scene-0103_018,pitch_2.0deg,Car,13.4,near<15m,102,100.0,8.45216191352346
nuscenes_mini_subset,scene-0103_018,pitch_2.0deg,Car,21.2,mid15-30m,38,100.0,8.45216191352346
nuscenes_mini_subset,scene-0103_018,pitch_2.0deg,Car,7.2,near<15m,432,33.56481481481482,8.45216191352346
nuscenes_mini_subset,scene-0103_018,pitch_2.0deg,Car,17.4,mid15-30m,32,100.0,8.45216191352346
nuscenes_mini_subset,scene-0103_018,pitch_3.0deg,Car,13.4,near<15m,102,100.0,8.457911683532657
nuscenes_mini_subset,scene-0103_018,pitch_3.0deg,Car,21.2,mid15-30m,38,97.36842105263158,8.457911683532657
nuscenes_mini_subset,scene-0103_018,pitch_3.0deg,Car,7.2,near<15m,432,34.49074074074074,8.457911683532657
nuscenes_mini_subset,scene-0103_018,pitch_3.0deg,Car,17.4,mid15-30m,32,100.0,8.457911683532657
nuscenes_mini_subset,scene-0103_018,ty_2cm,Car,13.4,near<15m,102,100.0,8.466536338546458
nuscenes_mini_subset,scene-0103_018,ty_2cm,Car,21.2,mid15-30m,38,100.0,8.466536338546458
nuscenes_mini_subset,scene-0103_018,ty_2cm,Car,7.2,near<15m,432,33.33333333333333,8.466536338546458
nuscenes_mini_subset,scene-0103_018,ty_2cm,Car,17.4,mid15-30m,32,100.0,8.466536338546458
nuscenes_mini_subset,scene-0103_018,ty_5cm,Car,13.4,near<15m,102,100.0,8.503909843606255
nuscenes_mini_subset,scene-0103_018,ty_5cm,Car,21.2,mid15-30m,38,100.0,8.503909843606255
nuscenes_mini_subset,scene-0103_018,ty_5cm,Car,7.2,near<15m,432,33.33333333333333,8.503909843606255
nuscenes_mini_subset,scene-0103_018,ty_5cm,Car,17.4,mid15-30m,32,100.0,8.503909843606255
nuscenes_mini_subset,scene-0103_018,ty_10cm,Car,13.4,near<15m,102,100.0,8.57290708371665
nuscenes_mini_subset,scene-0103_018,ty_10cm,Car,21.2,mid15-30m,38,100.0,8.57290708371665
nuscenes_mini_subset,scene-0103_018,ty_10cm,Car,7.2,near<15m,432,34.9537037037037,8.57290708371665
nuscenes_mini_subset,scene-0103_018,ty_10cm,Car,17.4,mid15-30m,32,100.0,8.57290708371665
nuscenes_mini_subset,scene-0103_019,none,Car,15.3,mid15-30m,53,100.0,8.503909843606255
nuscenes_mini_subset,scene-0103_019,none,Car,20.3,mid15-30m,31,100.0,8.503909843606255
nuscenes_mini_subset,scene-0103_019,none,Car,6.2,near<15m,519,15.028901734104046,8.503909843606255
nuscenes_mini_subset,scene-0103_019,none,Car,15.9,mid15-30m,73,100.0,8.503909843606255
nuscenes_mini_subset,scene-0103_019,yaw_0.5deg,Car,15.3,mid15-30m,53,100.0,8.478035878564857
nuscenes_mini_subset,scene-0103_019,yaw_0.5deg,Car,20.3,mid15-30m,31,100.0,8.478035878564857
nuscenes_mini_subset,scene-0103_019,yaw_0.5deg,Car,6.2,near<15m,519,17.341040462427745,8.478035878564857
nuscenes_mini_subset,scene-0103_019,yaw_0.5deg,Car,15.9,mid15-30m,73,100.0,8.478035878564857
nuscenes_mini_subset,scene-0103_019,yaw_1.0deg,Car,15.3,mid15-30m,53,98.11320754716981,8.469411223551058
nuscenes_mini_subset,scene-0103_019,yaw_1.0deg,Car,20.3,mid15-30m,31,96.7741935483871,8.469411223551058
nuscenes_mini_subset,scene-0103_019,yaw_1.0deg,Car,6.2,near<15m,519,18.88246628131021,8.469411223551058
nuscenes_mini_subset,scene-0103_019,yaw_1.0deg,Car,15.9,mid15-30m,73,100.0,8.469411223551058
nuscenes_mini_subset,scene-0103_019,yaw_2.0deg,Car,15.3,mid15-30m,53,94.33962264150944,8.457911683532657
nuscenes_mini_subset,scene-0103_019,yaw_2.0deg,Car,20.3,mid15-30m,31,83.87096774193549,8.457911683532657
nuscenes_mini_subset,scene-0103_019,yaw_2.0deg,Car,6.2,near<15m,519,22.350674373795762,8.457911683532657
nuscenes_mini_subset,scene-0103_019,yaw_2.0deg,Car,15.9,mid15-30m,73,94.52054794520548,8.457911683532657
nuscenes_mini_subset,scene-0103_019,yaw_3.0deg,Car,15.3,mid15-30m,53,90.56603773584906,8.43203771849126
nuscenes_mini_subset,scene-0103_019,yaw_3.0deg,Car,20.3,mid15-30m,31,83.87096774193549,8.43203771849126
nuscenes_mini_subset,scene-0103_019,yaw_3.0deg,Car,6.2,near<15m,519,25.626204238921,8.43203771849126
nuscenes_mini_subset,scene-0103_019,yaw_3.0deg,Car,15.9,mid15-30m,73,89.04109589041096,8.43203771849126
nuscenes_mini_subset,scene-0103_019,pitch_0.5deg,Car,15.3,mid15-30m,53,100.0,8.518284268629255
nuscenes_mini_subset,scene-0103_019,pitch_0.5deg,Car,20.3,mid15-30m,31,100.0,8.518284268629255
nuscenes_mini_subset,scene-0103_019,pitch_0.5deg,Car,6.2,near<15m,519,15.221579961464354,8.518284268629255
nuscenes_mini_subset,scene-0103_019,pitch_0.5deg,Car,15.9,mid15-30m,73,100.0,8.518284268629255
nuscenes_mini_subset,scene-0103_019,pitch_1.0deg,Car,15.3,mid15-30m,53,100.0,8.509659613615456
nuscenes_mini_subset,scene-0103_019,pitch_1.0deg,Car,20.3,mid15-30m,31,100.0,8.509659613615456
nuscenes_mini_subset,scene-0103_019,pitch_1.0deg,Car,6.2,near<15m,519,15.414258188824661,8.509659613615456
nuscenes_mini_subset,scene-0103_019,pitch_1.0deg,Car,15.9,mid15-30m,73,100.0,8.509659613615456
nuscenes_mini_subset,scene-0103_019,pitch_2.0deg,Car,15.3,mid15-30m,53,100.0,8.489535418583257
nuscenes_mini_subset,scene-0103_019,pitch_2.0deg,Car,20.3,mid15-30m,31,100.0,8.489535418583257
nuscenes_mini_subset,scene-0103_019,pitch_2.0deg,Car,6.2,near<15m,519,15.414258188824661,8.489535418583257
nuscenes_mini_subset,scene-0103_019,pitch_2.0deg,Car,15.9,mid15-30m,73,100.0,8.489535418583257
nuscenes_mini_subset,scene-0103_019,pitch_3.0deg,Car,15.3,mid15-30m,53,100.0,8.486660533578656
nuscenes_mini_subset,scene-0103_019,pitch_3.0deg,Car,20.3,mid15-30m,31,90.32258064516128,8.486660533578656
nuscenes_mini_subset,scene-0103_019,pitch_3.0deg,Car,6.2,near<15m,519,15.992292870905588,8.486660533578656
nuscenes_mini_subset,scene-0103_019,pitch_3.0deg,Car,15.9,mid15-30m,73,100.0,8.486660533578656
nuscenes_mini_subset,scene-0103_019,ty_2cm,Car,15.3,mid15-30m,53,100.0,8.535533578656853
nuscenes_mini_subset,scene-0103_019,ty_2cm,Car,20.3,mid15-30m,31,100.0,8.535533578656853
nuscenes_mini_subset,scene-0103_019,ty_2cm,Car,6.2,near<15m,519,15.606936416184972,8.535533578656853
nuscenes_mini_subset,scene-0103_019,ty_2cm,Car,15.9,mid15-30m,73,100.0,8.535533578656853
nuscenes_mini_subset,scene-0103_019,ty_5cm,Car,15.3,mid15-30m,53,100.0,8.561407543698252
nuscenes_mini_subset,scene-0103_019,ty_5cm,Car,20.3,mid15-30m,31,100.0,8.561407543698252
nuscenes_mini_subset,scene-0103_019,ty_5cm,Car,6.2,near<15m,519,15.79961464354528,8.561407543698252
nuscenes_mini_subset,scene-0103_019,ty_5cm,Car,15.9,mid15-30m,73,100.0,8.561407543698252
nuscenes_mini_subset,scene-0103_019,ty_10cm,Car,15.3,mid15-30m,53,100.0,8.641904323827047
nuscenes_mini_subset,scene-0103_019,ty_10cm,Car,20.3,mid15-30m,31,100.0,8.641904323827047
nuscenes_mini_subset,scene-0103_019,ty_10cm,Car,6.2,near<15m,519,16.76300578034682,8.641904323827047
nuscenes_mini_subset,scene-0103_019,ty_10cm,Car,15.9,mid15-30m,73,100.0,8.641904323827047
