perturb,n_obj,in_box_pct,fov_pct,far>30m,mid15-30m,near<15m
none,98,92.3,15.7,99.5,98.2,79.6
yaw_0.5deg,98,83.8,15.7,84.8,88.1,77.9
yaw_1.0deg,98,69.5,15.8,61.5,70.8,74.1
yaw_2.0deg,98,49.8,15.8,31.7,50.5,63.2
yaw_3.0deg,98,37.5,15.8,14.2,37.6,55.6
pitch_0.5deg,98,85.0,15.4,85.1,91.6,77.1
pitch_1.0deg,98,73.1,15.0,57.8,82.2,74.4
pitch_2.0deg,98,52.6,14.3,23.2,60.8,66.2
pitch_3.0deg,98,36.0,13.5,5.9,39.0,56.3
ty_2cm,98,92.1,15.7,99.3,98.0,79.5
ty_5cm,98,91.7,15.7,99.2,97.3,79.2
ty_10cm,98,90.4,15.7,98.5,95.4,78.3
